security_id,sec_short_name,kline_type,issue_date,trade_date,issue_time,open_value,high_value,low_value,close_value,cur_volume,cur_amount,width_percent,up_down_value,price_up_down_pct,ytd_close_value
000001.SZ,平安银行,3,2026-06-22,2026-06-22,2026-06-22 09:45:00,11.34,11.49,11.24,11.39,151200,1722168,2.21,0.08,0.71,11.31
000001.SZ,平安银行,3,2026-06-23,2026-06-23,2026-06-23 09:45:00,11.64,11.79,11.54,11.69,152400,1781556,2.15,0.08,0.69,11.61
000001.SZ,平安银行,3,2026-06-24,2026-06-24,2026-06-24 09:45:00,11.99,12.14,11.89,12.04,153600,1849343,2.09,0.08,0.67,11.96
000001.SZ,平安银行,3,2026-06-25,2026-06-25,2026-06-25 09:45:00,12.31,12.46,12.21,12.36,154800,1913328,2.04,0.08,0.65,12.28
000001.SZ,平安银行,3,2026-06-26,2026-06-26,2026-06-26 09:45:00,12.54,12.69,12.44,12.59,156000,1964040,2.0,0.08,0.64,12.51
000001.SZ,平安银行,3,2026-06-29,2026-06-29,2026-06-29 09:45:00,12.63,12.78,12.53,12.68,157200,1993296,1.98,0.08,0.63,12.6
000001.SZ,平安银行,3,2026-06-30,2026-06-30,2026-06-30 09:45:00,12.57,12.72,12.47,12.62,158400,1999007,1.99,0.08,0.64,12.54
000001.SZ,平安银行,3,2026-07-01,2026-07-01,2026-07-01 09:45:00,12.39,12.54,12.29,12.44,159600,1985424,2.02,0.08,0.65,12.36
000001.SZ,平安银行,3,2026-07-02,2026-07-02,2026-07-02 09:45:00,12.15,12.3,12.05,12.2,160800,1961760,2.06,0.08,0.66,12.12
000001.SZ,平安银行,3,2026-07-03,2026-07-03,2026-07-03 09:45:00,11.91,12.06,11.81,11.96,162000,1937520,2.1,0.08,0.67,11.88
000001.SZ,平安银行,3,2026-07-06,2026-07-06,2026-07-06 09:45:00,11.75,11.9,11.65,11.8,163200,1925760,2.13,0.08,0.68,11.72
000001.SZ,平安银行,3,2026-07-07,2026-07-07,2026-07-07 09:45:00,11.72,11.87,11.62,11.77,164400,1934988,2.14,0.08,0.68,11.69
000001.SZ,平安银行,3,2026-07-08,2026-07-08,2026-07-08 09:45:00,11.83,11.98,11.73,11.88,165600,1967328,2.12,0.08,0.68,11.8
000001.SZ,平安银行,3,2026-07-09,2026-07-09,2026-07-09 09:45:00,12.08,12.23,11.98,12.13,166800,2023284,2.07,0.08,0.66,12.05
000001.SZ,平安银行,3,2026-07-10,2026-07-10,2026-07-10 09:45:00,12.41,12.56,12.31,12.46,168000,2093280,2.02,0.08,0.65,12.38
000001.SZ,平安银行,3,2026-07-13,2026-07-13,2026-07-13 09:45:00,12.76,12.91,12.66,12.81,169200,2167452,1.96,0.08,0.63,12.73
000001.SZ,平安银行,3,2026-07-14,2026-07-14,2026-07-14 09:45:00,13.05,13.2,12.95,13.1,170400,2232240,1.92,0.08,0.61,13.02
000001.SZ,平安银行,3,2026-07-15,2026-07-15,2026-07-15 09:45:00,13.22,13.37,13.12,13.27,171600,2277132,1.9,0.08,0.61,13.19
000001.SZ,平安银行,3,2026-07-16,2026-07-16,2026-07-16 09:45:00,13.25,13.4,13.15,13.3,172800,2298240,1.89,0.08,0.61,13.22
000001.SZ,平安银行,3,2026-07-17,2026-07-17,2026-07-17 09:45:00,13.14,13.29,13.04,13.19,174000,2295060,1.91,0.08,0.61,13.11
000001.SZ,平安银行,3,2026-07-20,2026-07-20,2026-07-20 09:45:00,12.93,13.08,12.83,12.98,175200,2274096,1.94,0.08,0.62,12.9
000001.SZ,平安银行,3,2026-07-21,2026-07-21,2026-07-21 09:45:00,12.68,12.83,12.58,12.73,176400,2245572,1.98,0.08,0.63,12.65
